COD_ID;NOME_UDH;CODMUN6;NOME_MUN;CODUF;NOME_UF;CODRM;NOME_RM;ANO;ESPVIDA;FECTOT;MORT1;MORT5;SOBRE40;SOBRE60;RAZDEP;T_ENV;E_ANOSESTUDO;T_ANALF11A14;T_ANALF15A17;T_ANALF15M;T_ANALF18A24;T_ANALF18M;T_ANALF25A29;T_ANALF25M;T_ATRASO_2_BASICO;T_ATRASO_2_FUND;T_FBBAS;T_FBFUND;T_FBMED;T_FBSUPER;T_FLBAS;T_FLFUND;T_FLMED;T_FLSUPER;T_FREQ0A5;T_FREQ15A17;T_FREQ18A24;T_FREQ25A29;T_FREQ5A6;T_FREQ6A14;T_FREQ6A17;T_FREQFUND1517;T_FREQFUND1824;T_FREQMED1824;T_FUND11A13;T_FUND15A17;T_FUND18A24;T_FUND18M;T_FUND25M;T_MED18A20;T_MED18A24;T_MED18M;T_MED25M;T_SUPER25M;CORTE1;CORTE2;CORTE3;CORTE4;CORTE9;GINI;PIND;PINDCRI;PMPOB;PMPOBCRI;PPOB;PPOBCRI;PREN10RICOS;PREN20;PREN20RICOS;PREN40;PREN60;PREN80;PRENTRAB;R1040;R2040;RDPC;RDPC1;RDPC10;RDPC2;RDPC3;RDPC4;RDPC5;RDPCT;RIND;RMPOB;RPOB;THEIL;P_AGRO;P_COM;P_CONSTR;P_EXTR;P_SERV;P_SIUP;P_TRANSF;CPR;EMP;P_FORMAL;TRABCC;TRABPUB;TRABSC;P_FUND;P_MED;P_SUPER;REN0;REN1;REN2;REN3;REN5;RENOCUP;THEILtrab;T_ATIV;T_ATIV1014;T_ATIV1517;T_ATIV1824;T_ATIV18M;T_ATIV2529;T_DES;T_DES1014;T_DES1517;T_DES1824;T_DES18M;T_DES2529;T_AGUA;T_BANAGUA;T_DENS;T_LIXO;T_LUZ;AGUA_ESGOTO;PAREDE;T_CRIFUNDIN_TODOS;T_FORA0A5;T_FORA6A14;T_FUNDIN_TODOS;T_FUNDIN_TODOS_MMEIO;T_FUNDIN18MINF;T_M10A17CF;T_MULCHEFEFIF014;T_NESTUDA_NTRAB_MMEIO;T_OCUPDESLOC_1;T_RMAXIDOSO;T_SLUZ;T_VULNERA_NESTUDA_NTRAB_MMEIO;T_VULNERA_MULCHEFE;T_VULNERA_RMAXIDOSO;T_VULNERA_OCUPDESLOC_13;HOMEM0A4;HOMEM10A14;HOMEM15A19;HOMEM20A24;HOMEM25A29;HOMEM30A34;HOMEM35A39;HOMEM40A44;HOMEM45A49;HOMEM50A54;HOMEM55A59;HOMEM5A9;HOMEM60A64;HOMEM65A69;HOMEM70A74;HOMEM75A79;HOMENS80;HOMEMTOT;MULH0A4;MULH10A14;MULH15A19;MULH20A24;MULH25A29;MULH30A34;MULH35A39;MULH40A44;MULH45A49;MULH50A54;MULH55A59;MULH5A9;MULH60A64;MULH65A69;MULH70A74;MULH75A79;MULHER80;MULHERTOT;PEA;PEA1014;PEA1517;PEA18M;PESO1;PESO1114;PESO1113;PESO1214;PESO13;PESO15;PESO1517;PESO1524;PESO1618;PESO18;PESO1820;PESO1824;PESO1921;PESO25;PESO4;PESO5;PESO6;PESO610;PESO617;PESO65;PESOM1014;PESOM1517;PESOM15M;PESOM25M;PESORUR;PESOTOT;PESOURB;PIA;PIA1014;PIA1517;PIA18M;POP;T_FBFUND_tudo;T_FBMED_tudo;T_FBBAS_tudo;T_FLFUND_tudo;T_FLMED_tudo;T_FLBAS_tudo;T_FUND11A13_tudo;I_ESCOLARIDADE;I_FREQ_PROP;IDHM;IDHM_E;IDHM_L;IDHM_R;CODDIST;DISTRITO;REGIAO8;PREFREG
1,35503E+12;Campo Belo;355030;São Paulo (SP);35;SP;63500;RM São Paulo (SP);2000;77.86;1.23;10.60;12.30;95.48;87.57;36.93;14.71;11.03;1.30;0.61;0.90;0.39;0.92;0.82;1.02;9.38;7.23;96.23;99.42;89.43;44.76;86.27;90.34;57.94;32.02;37.55;87.16;43.01;8.11;89.68;97.88;94.46;12.61;1.54;7.73;78.26;72.47;84.94;80.01;79.02;58.16;70.77;67.00;66.24;37.83;653.95;1415.27;2602.79;4815.16;6832.32;0.57;0.33;1.00;1.83;4.80;6.48;15.25;42.76;2.18;59.72;7.95;19.65;40.28;79.33;21.52;15.03;3375.11;367.93;14432.75;973.28;1974.00;3482.69;10077.65;3375.11;61.31;97.95;166.64;0.67;0.24;14.64;2.25;0.00;71.48;0.04;9.93;26.18;10.52;69.37;42.70;5.14;14.99;85.86;76.39;46.17;0.48;5.47;21.44;28.98;46.18;5791.84;0.68;;5.36;22.57;74.62;67.05;89.99;;92.59;69.11;21.47;12.16;11.75;99.96;98.39;17.64;99.59;100.00;0.15;;17.15;62.45;2.12;9.66;3.34;14.14;4.36;27.52;2.26;;1.01;0.00;34.30;8.12;100.00;;176;206;309;371;360;353;325;298;289;247;210;184;192;174;161;119;84;4053;153;229;311;617;497;365;352;396;321;313;315;180;280;230;241;134;211;5143;;23;74;5191;79;345;241;274;185;8069;327;1608;369;7742;478;1281;524;6462;66;65;84;388;1060;1353;229;154;4581;3654;0;9196;9196;8504;435;327;7742;9098;109.14;101.23;106.62;97.88;67.51;94.65;90.48;0.800;0.746;0.868;0.764;0.881;0.971;15;Campo Belo;Sul 2;Santo Amaro
1,35503E+12;Vieira de Morais : Shopping Campo Belo;355030;São Paulo (SP);35;SP;63500;RM São Paulo (SP);2000;78.30;1.17;10.00;11.64;95.72;88.16;34.73;12.03;11.84;0.19;0.42;0.51;0.57;0.52;0.41;0.51;5.95;3.57;101.98;102.55;100.28;66.95;92.26;94.95;72.21;50.68;50.67;93.77;62.61;11.31;89.10;97.83;96.80;11.41;1.01;7.06;86.38;84.16;90.63;89.50;89.28;72.42;78.65;82.94;83.79;58.68;1854.49;3123.34;4880.23;7710.76;9760.45;0.46;;;0.31;1.09;2.17;4.26;33.64;3.47;49.51;12.90;27.84;50.49;86.85;10.43;7.68;5342.06;926.94;17968.59;2519.04;3990.69;6048.66;13224.96;5342.06;;102.70;177.51;0.44;0.30;15.82;4.73;0.00;64.71;0.74;11.71;24.21;17.11;75.62;44.77;3.03;8.74;93.85;90.00;64.26;2.14;3.86;10.93;15.26;26.60;8991.07;0.57;;3.14;9.79;55.16;70.98;88.94;;0.00;66.46;18.82;5.35;4.65;99.91;99.07;9.60;99.89;100.00;0.00;;6.29;49.33;2.17;4.05;0.75;5.80;0.19;8.67;0.33;;0.36;0.00;13.62;3.15;100.00;;256;338;411;475;419;427;439;437;403;430;325;252;275;212;163;108;77;5447;257;295;440;565;559;508;540;515;551;502;392;256;318;250;241;181;216;6586;;20;47;7028;111;533;394;414;305;10379;478;1891;497;9901;585;1413;628;8488;97;90;104;518;1529;1448;295;241;5778;4773;0;12033;12033;11012;633;478;9901;11999;108.35;121.68;111.73;97.83;82.09;97.31;93.09;0.895;0.830;0.911;0.851;0.888;1.000;15;Campo Belo;Sul 2;Santo Amaro
1,35503E+12;Santo Amaro / Chácara Flora;355030;São Paulo (SP);35;SP;63500;RM São Paulo (SP);2000;78.28;1.22;10.00;11.67;95.71;88.14;39.17;13.15;11.75;0.93;0.50;1.45;0.73;1.49;1.23;1.64;5.11;3.85;100.66;105.67;86.16;69.47;93.69;97.58;72.66;49.94;44.14;96.68;59.47;19.53;100.00;100.00;99.15;8.95;0.65;3.19;92.42;89.86;88.84;84.33;83.38;74.70;77.62;74.83;74.25;45.04;1171.25;2381.55;3708.97;6637.11;9760.45;0.55;0.23;;1.84;4.20;2.81;5.13;42.57;2.84;58.44;9.68;21.69;41.56;82.62;17.59;12.07;5071.83;720.42;21592.49;1735.09;3045.34;5038.25;14820.03;5071.83;58.95;97.27;137.06;0.59;0.42;15.40;1.90;0.00;65.25;0.42;15.69;22.02;20.16;73.92;41.34;3.61;10.40;93.80;87.86;54.16;2.48;5.31;14.61;22.67;37.29;8713.65;0.78;;0.84;23.43;62.67;64.16;81.07;;0.00;23.08;19.48;6.69;6.37;99.99;99.09;9.20;100.00;100.00;0.00;;6.51;55.86;0.00;4.16;1.50;9.27;1.76;12.03;1.65;;0.65;0.00;54.66;3.88;100.00;;449;605;771;895;664;595;628;671;640;609;561;476;484;333;306;168;172;9023;395;601;774;1031;805;715;827;787;853;805;672;457;511;405;423;326;485;10868;;10;189;10332;165;971;726;749;502;16910;807;3470;929;16103;1112;2663;1142;13440;177;171;159;996;2774;2616;601;410;9416;7612;0;19891;19891;18116;1206;807;16103;19317;110.38;116.17;111.87;100.00;88.77;99.41;95.03;0.843;0.892;0.919;0.875;0.888;1.000;71;Santo Amaro;Sul 2;Santo Amaro
1,35503E+12;Granja Julieta / Chácara Santo Antônio;355030;São Paulo (SP);35;SP;63500;RM São Paulo (SP);2000;78.04;1.23;10.30;12.03;95.58;87.81;37.17;13.57;11.61;0.17;0.44;0.88;0.20;0.90;0.55;1.02;4.93;4.88;104.60;102.75;108.69;70.91;93.78;94.55;78.75;46.58;52.47;94.85;55.96;26.78;92.38;97.09;96.39;9.18;1.12;4.43;88.14;88.35;92.73;84.74;83.26;76.85;81.68;73.93;72.50;40.56;976.05;1756.23;2928.14;4880.23;6588.30;0.55;;;0.72;1.54;1.50;3.27;43.07;3.31;57.91;10.22;22.30;42.09;79.19;16.87;11.34;3814.72;631.87;16431.28;1316.62;2304.99;3774.78;11045.36;3814.72;;108.75;148.85;0.56;0.03;20.20;3.36;0.16;61.45;0.61;13.17;24.00;9.98;72.62;48.11;3.01;12.62;92.79;85.22;47.95;2.27;5.59;17.57;26.04;45.32;6176.74;0.69;;2.00;25.31;72.52;65.95;86.15;;44.80;42.97;24.14;10.81;13.74;99.99;99.52;9.18;100.00;100.00;0.00;;2.49;47.53;2.91;4.06;0.20;11.89;0.00;0.00;0.35;;0.31;0.00;18.13;0.00;100.00;;574;757;1040;1243;1073;952;999;912;902;847;798;620;630;547;436;290;248;12863;534;720;974;1332;1111;1047;1108;1139;1210;1175;1001;566;827;680;649;407;525;15002;;30;289;15139;213;1206;883;915;648;24095;1140;4588;1238;22955;1383;3448;1479;19507;248;226;233;1231;3576;3780;720;558;13183;10877;0;27865;27865;25572;1477;1140;22955;27681;109.15;124.80;114.02;97.09;86.31;96.86;91.51;0.847;0.864;0.909;0.858;0.884;0.991;71;Santo Amaro;Sul 2;Santo Amaro
1,35503E+12;Morro do Piolho;355030;São Paulo (SP);35;SP;63500;RM São Paulo (SP);2000;70.13;2.10;23.30;27.04;90.45;75.94;73.15;0.97;9.53;8.33;8.57;23.27;15.53;25.19;19.32;29.33;15.57;11.53;98.14;102.95;81.65;4.30;84.67;89.14;37.42;1.67;20.84;74.10;23.40;8.03;71.31;93.56;89.16;28.55;4.35;10.89;79.09;49.14;61.41;40.47;33.92;30.30;30.95;19.91;16.46;1.26;195.21;292.81;429.46;663.71;927.24;0.46;3.82;6.24;13.21;19.86;32.68;44.87;35.48;4.54;50.79;14.11;27.80;49.21;82.25;10.06;7.20;503.35;114.25;1786.05;240.86;344.46;538.81;1278.38;504.63;49.75;88.81;155.85;0.37;0.15;16.65;10.84;0.00;55.78;0.67;14.57;18.79;1.20;59.07;49.23;4.73;25.79;47.91;25.69;1.57;0.26;19.21;68.05;80.23;93.63;1112.40;0.26;;6.50;49.47;80.28;71.29;85.33;;78.72;61.35;25.27;19.04;19.23;99.32;94.97;54.41;99.43;98.82;1.70;;39.48;79.16;6.44;32.69;14.91;44.55;3.20;58.86;12.25;;0.54;1.18;45.29;33.20;14.04;;104;51;67;62;43;41;39;21;11;10;6;75;1;3;1;0;0;535;72;52;48;54;45;40;36;26;15;20;5;72;6;4;1;0;1;497;;7;35;382;40;84;65;62;99;606;70;231;70;536;62;161;72;375;37;31;34;135;289;10;52;24;301;199;0;1032;1032;709;103;70;536;1032;113.58;98.69;110.22;93.56;44.84;89.47;88.04;0.405;0.575;0.635;0.512;0.752;0.666;15;Campo Belo;Sul 2;Santo Amaro
1,35503E+12;Buraco Frio;355030;São Paulo (SP);35;SP;63500;RM São Paulo (SP);2000;66.92;3.02;30.50;35.39;87.77;70.51;52.14;7.86;8.79;2.42;1.37;7.33;3.96;7.81;4.41;8.97;18.97;14.20;99.93;107.77;70.93;2.99;85.24;91.40;33.46;1.15;22.41;64.76;23.35;9.38;68.04;92.62;86.69;28.97;5.64;12.12;62.94;37.31;50.29;30.46;24.04;20.17;22.62;12.55;9.30;0.56;146.41;210.83;292.81;440.20;585.63;0.36;4.80;5.18;18.60;24.05;49.89;61.52;26.63;6.25;42.64;17.61;34.04;57.36;84.69;6.05;4.84;309.18;96.64;823.48;175.53;254.07;360.53;659.11;309.18;48.90;92.97;155.02;0.23;0.37;11.23;13.45;0.00;49.19;0.68;23.91;18.20;0.00;58.14;54.63;1.94;25.23;33.07;14.42;0.70;0.15;21.63;81.44;92.59;98.51;815.53;0.15;;8.33;49.11;73.97;70.94;72.80;;44.29;58.58;32.37;23.63;28.57;93.42;98.51;69.67;97.46;100.00;0.00;;52.35;77.59;7.38;46.49;25.87;49.37;3.73;69.02;17.20;;1.61;0.00;40.68;41.40;61.64;;139;99;126;145;109;114;78;62;45;54;39;111;43;32;24;19;11;1246;132;104;134;159;107;109;83;87;82;64;57;117;52;42;34;25;23;1407;;17;72;1281;50;165;129;126;169;1952;146;563;166;1806;170;417;168;1389;52;48;51;217;528;209;104;79;1055;762;0;2653;2653;2155;203;146;1806;2650;114.94;78.70;107.22;92.62;34.67;86.95;87.32;0.305;0.471;0.551;0.407;0.699;0.587;15;Campo Belo;Sul 2;Santo Amaro
1,35503E+12;Santa Catarina II;355030;São Paulo (SP);35;SP;63500;RM São Paulo (SP);2000;67.70;2.71;28.60;33.22;88.45;71.85;71.89;1.66;8.69;8.00;4.44;20.44;8.47;22.39;7.48;28.94;21.51;14.21;101.52;115.62;55.90;1.90;83.99;88.72;22.54;0.49;20.55;73.59;22.28;5.78;65.16;91.77;87.48;45.22;8.59;10.10;71.83;34.11;45.21;29.21;23.52;19.56;19.12;12.48;10.12;0.44;146.41;228.39;331.86;501.04;650.70;0.40;2.47;4.27;17.74;26.23;45.45;59.19;29.92;5.83;45.68;16.11;31.64;54.32;83.84;7.43;5.67;360.86;105.21;1079.68;185.52;280.19;409.26;824.12;361.80;50.84;100.08;157.08;0.27;0.51;16.68;9.24;0.00;59.38;0.37;12.25;16.55;0.16;57.98;53.69;1.30;27.78;33.20;15.71;0.59;0.53;26.01;82.48;91.50;98.92;805.41;0.16;;9.52;48.81;80.87;75.01;80.63;;62.63;60.63;31.14;18.58;10.46;99.20;97.22;66.54;97.73;100.00;0.77;;53.90;79.45;8.23;46.07;24.03;49.10;4.14;75.54;14.24;;0.31;0.00;36.69;5.69;13.77;;95;84;89;81;49;63;36;30;15;20;7;87;7;5;3;2;0;673;100;99;71;85;58;50;50;37;17;24;8;90;7;7;2;1;3;709;;17;44;553;42;150;113;115;112;827;90;326;83;737;100;236;115;501;41;45;32;165;405;23;99;39;420;264;0;1382;1382;1010;183;90;737;1376;122.08;67.00;109.07;91.50;25.61;87.46;84.35;0.292;0.477;0.561;0.405;0.712;0.612;15;Campo Belo;Sul 2;Santo Amaro
1,35503E+12;Jurandir;355030;São Paulo (SP);35;SP;63500;RM São Paulo (SP);2000;75.39;1.42;14.00;16.29;94.08;84.12;54.30;5.15;11.08;0.00;0.00;3.07;0.00;3.46;0.00;4.33;8.41;4.65;105.41;106.43;102.63;24.68;91.14;92.12;60.55;13.58;34.21;89.89;25.29;12.69;88.94;94.93;93.57;24.18;1.60;8.57;81.86;68.84;84.89;63.81;59.36;57.58;64.22;44.93;40.86;11.34;366.02;624.67;976.05;1512.87;2240.02;0.46;1.07;2.29;3.01;6.36;11.25;21.01;33.78;4.19;50.47;12.97;27.38;49.53;83.42;10.42;7.79;1096.71;229.72;3705.09;481.25;790.43;1214.61;2767.52;1096.71;48.64;85.41;169.48;0.39;0.34;21.91;3.82;0.08;54.86;0.30;15.30;18.88;3.66;68.10;52.80;5.11;18.78;77.13;57.98;14.89;0.76;9.95;39.26;53.80;76.26;2048.90;0.38;;5.27;48.63;87.00;69.13;91.66;;57.92;52.91;19.97;13.14;12.86;100.00;97.74;33.00;100.00;100.00;0.00;;14.48;65.79;5.07;12.53;3.12;28.86;0.51;37.06;1.96;;0.86;0.00;19.48;15.55;73.54;;20;19;28;25;14;27;16;14;13;6;3;24;3;3;2;1;2;220;24;34;23;19;25;18;26;8;17;7;9;19;1;10;4;0;2;246;;3;18;200;7;42;30;34;28;326;37;95;31;289;21;58;28;231;9;6;6;48;127;24;34;17;169;127;0;466;466;379;53;37;289;466;110.79;114.82;111.88;95.14;68.66;94.37;87.55;0.638;0.743;0.777;0.706;0.840;0.791;15;Campo Belo;Sul 2;Santo Amaro
1,35503E+12;Jardim Aeroporto : Escola Municipal de Ensino Fundamental Bernardo O' Higgins;355030;São Paulo (SP);35;SP;63500;RM São Paulo (SP);2000;77.82;1.23;10.60;12.36;95.46;87.52;39.02;11.17;11.63;0.93;1.88;1.92;2.01;1.92;1.17;1.90;6.99;5.63;103.61;104.36;101.60;72.86;92.42;95.24;69.60;45.78;50.62;92.60;60.64;15.41;91.53;98.71;97.06;12.03;3.17;7.83;86.59;84.73;90.69;83.42;82.17;66.42;74.83;71.37;70.77;44.27;964.33;1821.95;2928.14;4717.55;6832.32;0.48;;;0.62;1.18;2.56;4.57;35.32;3.44;51.95;11.82;25.99;48.05;83.04;11.95;8.79;3280.08;564.35;11586.60;1374.68;2322.68;3619.26;8519.42;3280.08;;117.77;175.18;0.44;0.14;14.59;2.84;0.06;66.46;0.68;12.70;23.95;11.51;72.00;43.18;4.88;14.82;91.39;83.24;50.48;1.71;4.91;17.23;25.33;42.23;5558.00;0.55;;5.20;15.15;67.89;68.13;86.26;;29.66;48.59;20.31;8.30;8.78;99.97;99.08;10.34;100.00;100.00;0.00;;5.10;49.38;1.29;5.35;0.33;12.96;1.28;10.88;0.39;;0.53;0.00;14.03;3.90;62.02;;234;226;298;333;337;355;359;273;230;208;177;234;236;147;125;69;51;3889;244;242;299;359;389;383;401;337;275;292;280;241;230;183;150;103;112;4516;;24;48;4542;111;375;273;294;281;6985;319;1288;354;6666;428;969;435;5697;87;113;94;454;1148;939;242;161;3790;3133;0;8405;8405;7453;468;319;6666;8334;109.12;122.98;112.87;98.71;81.70;97.71;92.24;0.834;0.823;0.889;0.827;0.880;0.967;15;Campo Belo;Sul 2;Santo Amaro
1,35503E+12;Jardim Aeroporto / Congonhas;355030;São Paulo (SP);35;SP;63500;RM São Paulo (SP);2000;77.33;1.28;11.20;13.10;95.20;86.86;34.68;9.88;10.55;0.43;0.16;1.30;0.52;1.36;0.93;1.55;10.47;7.99;105.34;103.19;111.25;42.48;88.66;89.83;61.13;22.15;44.14;88.34;40.40;17.69;86.44;94.53;92.88;19.52;2.33;9.29;71.14;73.51;80.83;72.94;71.31;50.62;59.14;59.10;59.09;28.33;589.21;1087.59;1737.36;3113.58;4294.60;0.48;0.26;0.91;1.55;2.68;3.95;6.59;34.75;3.63;52.27;11.71;25.17;47.73;80.34;11.87;8.93;2030.45;368.84;7056.70;820.16;1366.43;2290.06;5306.76;2030.45;66.37;95.74;162.55;0.43;0.77;18.30;3.15;0.00;66.01;0.32;10.27;23.12;6.25;71.89;51.44;5.59;12.06;83.45;69.60;32.58;1.54;5.97;25.60;36.88;58.79;3299.20;0.44;;3.86;29.10;73.98;69.48;86.55;;63.47;41.96;18.44;10.12;9.70;99.97;97.62;24.83;100.00;100.00;0.00;;5.71;55.86;5.47;10.07;2.09;18.69;0.00;16.49;1.45;;1.01;0.00;50.22;7.61;91.72;;375;416;530;744;659;517;492;420;406;369;371;367;379;241;176;88;70;6620;350;432;609;829;738;532;522;527;521;546;504;334;422;308;213;144;175;7706;;33;179;7946;141;692;508;518;416;12052;616;2712;681;11436;806;2096;846;9340;168;145;142;712;2020;1415;432;324;6590;5152;0;14326;14326;12900;848;616;11436;14298;111.93;143.18;120.25;94.53;69.60;93.32;77.93;0.729;0.704;0.821;0.712;0.872;0.890;15;Campo Belo;Sul 2;Santo Amaro
1,35503E+12;Joaquim Nabuco;355030;São Paulo (SP);35;SP;63500;RM São Paulo (SP);2000;77.33;1.28;11.20;13.10;95.20;86.86;40.28;10.71;10.55;1.15;1.87;3.44;1.69;3.55;3.33;3.97;10.47;7.99;105.34;103.19;111.25;42.48;88.66;89.83;61.13;22.15;44.14;88.34;40.40;17.69;86.44;94.53;92.88;19.52;2.33;9.29;71.14;73.51;80.83;72.94;71.31;50.62;59.14;59.10;59.09;28.33;589.21;1087.59;1737.36;3113.58;4294.60;0.48;0.26;0.91;1.55;2.68;3.95;6.59;34.75;3.63;52.27;11.71;25.17;47.73;80.34;11.87;8.93;2030.45;368.84;7056.70;820.16;1366.43;2290.06;5306.76;2030.45;66.37;95.74;162.55;0.43;0.77;18.30;3.15;0.00;66.01;0.32;10.27;23.12;6.25;71.89;51.44;5.59;12.06;83.45;69.60;32.58;1.54;5.97;25.60;36.88;58.79;3299.20;0.44;;3.86;29.10;73.98;69.48;86.55;;63.47;41.96;18.44;10.12;9.70;99.08;97.62;24.83;100.00;100.00;0.00;;5.71;55.86;5.47;10.07;2.09;18.69;0.00;16.49;1.45;;1.01;0.00;50.22;7.61;91.72;;189;198;292;314;257;220;199;199;175;144;135;170;123;89;89;70;46;2909;172;216;279;323;314;230;227;234;213;197;176;166;148;108;103;79;77;3262;;16;93;3293;75;348;256;267;232;5060;321;1208;353;4739;384;887;394;3852;54;64;78;338;1007;661;216;155;2708;2106;0;6171;6171;5474;414;321;4739;6109;111.93;143.18;120.25;94.53;69.60;93.32;77.93;0.729;0.704;0.821;0.712;0.872;0.890;15;Campo Belo;Sul 2;Santo Amaro
1,35503E+12;Campo Belo : Hospital Dente de Leite;355030;São Paulo (SP);35;SP;63500;RM São Paulo (SP);2000;78.23;1.17;10.10;11.75;95.68;88.06;38.45;14.60;12.06;1.10;0.00;0.83;0.95;0.86;0.90;0.85;5.82;2.61;103.65;106.00;98.15;66.54;94.96;96.20;72.11;51.19;55.52;96.42;59.88;13.73;95.43;99.27;98.42;13.63;0.35;5.99;93.37;82.28;93.71;83.80;81.80;80.35;80.97;71.47;69.56;41.42;1301.39;2610.92;4196.99;7164.17;10736.50;0.50;0.44;1.32;0.68;2.16;1.51;4.44;35.94;2.87;53.53;10.87;24.28;46.47;81.40;13.23;9.85;4977.62;713.85;17889.93;1991.24;3337.44;5523.54;13322.03;4977.62;49.13;75.34;154.65;0.49;0.63;23.49;3.02;0.00;59.04;0.35;11.76;25.95;23.73;76.13;35.37;3.09;10.50;92.82;82.15;49.51;1.35;3.73;13.93;20.01;34.92;8305.12;0.66;;6.53;23.43;74.01;68.40;89.78;;49.47;43.20;23.39;9.51;3.62;100.00;99.64;8.81;100.00;100.00;0.00;;2.63;44.48;0.73;4.61;0.00;11.13;0.00;3.64;0.71;;0.00;0.00;59.04;1.11;0.00;;72;109;137;203;160;113;135;126;123;140;104;81;71;80;70;33;49;1806;66;117;144;178;172;150;153;152;171;164;129;68;89;91;101;69;76;2090;;15;32;2220;35;182;136;148;62;3383;137;662;158;3246;206;525;218;2721;41;22;22;171;490;569;117;74;1839;1517;0;3896;3896;3609;226;137;3246;3817;109.61;111.01;110.03;99.27;82.28;99.00;97.65;0.838;0.879;0.915;0.865;0.887;1.000;15;Campo Belo;Sul 2;Santo Amaro
1,35503E+12;Vieira de Morais : União das Instituições Eduçacionais do Estado de São Paulo Unidade Brooklin ( Uniesp );355030;São Paulo (SP);35;SP;63500;RM São Paulo (SP);2000;78.30;1.17;10.00;11.64;95.72;88.16;37.34;11.23;11.84;0.58;0.35;0.57;0.86;0.58;0.17;0.54;5.95;3.57;101.98;102.55;100.28;66.95;92.26;94.95;72.21;50.68;50.67;93.77;62.61;11.31;89.10;97.83;96.80;11.41;1.01;7.06;86.38;84.16;90.63;89.50;89.28;72.42;78.65;82.94;83.79;58.68;1854.49;3123.34;4880.23;7710.76;9760.45;0.46;;;0.31;1.09;2.17;4.26;33.64;3.47;49.51;12.90;27.84;50.49;86.85;10.43;7.68;5342.06;926.94;17968.59;2519.04;3990.69;6048.66;13224.96;5342.06;;102.70;177.51;0.44;0.30;15.82;4.73;0.00;64.71;0.74;11.71;24.21;17.11;75.62;44.77;3.03;8.74;93.85;90.00;64.26;2.14;3.86;10.93;15.26;26.60;8991.07;0.57;;3.14;9.79;55.16;70.98;88.94;;0.00;66.46;18.82;5.35;4.65;100.00;99.07;9.60;99.89;100.00;0.00;;6.29;49.33;2.17;4.05;0.75;5.80;0.19;8.67;0.33;;0.36;0.00;13.62;3.15;100.00;;163;210;246;265;242;207;270;252;272;216;214;173;127;97;77;63;54;3148;182;234;265;322;335;284;362;328;306;296;193;169;158;136;143;90;136;3939;;14;28;4023;73;345;267;267;200;5956;288;1098;297;5668;357;810;366;4858;72;66;63;375;1008;796;234;150;3354;2767;0;7087;7087;6400;444;288;5668;7049;108.35;121.68;111.73;97.83;82.09;97.31;93.09;0.895;0.830;0.911;0.851;0.888;1.000;15;Campo Belo;Sul 2;Santo Amaro
1,35503E+12;Santo Amaro : Paróquia Nossa Senhora do Pérpetuo Socorro;355030;São Paulo (SP);35;SP;63500;RM São Paulo (SP);2000;;;;;;;;;;0.00;0.00;2.05;1.35;2.16;0.00;2.29;;;;;;;;;;;;;;;;;;;;;;;;;;;;;;;;;;;;;;;;;;;;;;;;;;;;;;;;;;;;;;;;;;;;;;;;;;;;;;;;;;;;;;;;;;;;;;;;;;;100.00;;;;;;;;;;;;;;;;;;;;;;;15;7;9;11;14;13;13;13;9;9;8;8;5;4;7;3;3;147;12;14;16;16;18;19;12;11;13;9;6;8;6;7;9;6;6;184;;;;;8;16;10;15;14;269;14;51;12;255;14;37;15;218;5;4;5;16;46;43;14;8;151;120;0;331;331;;;;;;;;;;;;;;;;;;;71;Santo Amaro;Sul 2;Santo Amaro
1,35503E+12;Santo Amaro : Biblioteca Municipal Belmente;355030;São Paulo (SP);35;SP;63500;RM São Paulo (SP);2000;75.39;1.42;14.00;16.29;94.08;84.12;42.89;15.25;11.08;0.00;0.00;2.73;0.91;2.87;2.40;3.24;8.41;4.65;105.41;106.43;102.63;24.68;91.14;92.12;60.55;13.58;34.21;89.89;25.29;12.69;88.94;94.93;93.57;24.18;1.60;8.57;81.86;68.84;84.89;63.81;59.36;57.58;64.22;44.93;40.86;11.34;366.02;624.67;976.05;1512.87;2240.02;0.46;1.07;2.29;3.01;6.36;11.25;21.01;33.78;4.19;50.47;12.97;27.38;49.53;83.42;10.42;7.79;1096.71;229.72;3705.09;481.25;790.43;1214.61;2767.52;1096.71;48.64;85.41;169.48;0.39;0.34;21.91;3.82;0.08;54.86;0.30;15.30;18.88;3.66;68.10;52.80;5.11;18.78;77.13;57.98;14.89;0.76;9.95;39.26;53.80;76.26;2048.90;0.38;;5.27;48.63;87.00;69.13;91.66;;57.92;52.91;19.97;13.14;12.86;100.00;97.74;33.00;100.00;100.00;0.00;;14.48;65.79;5.07;12.53;3.12;28.86;0.51;37.06;1.96;;0.86;0.00;19.48;15.55;73.54;;43;42;64;82;71;64;72;57;42;65;27;35;40;31;33;25;14;807;41;55;64;80;54;67;54;61;57;55;45;32;54;49;43;32;29;872;;5;34;941;19;83;63;67;51;1431;70;290;74;1361;91;220;96;1141;14;15;13;66;219;256;55;39;744;600;0;1679;1679;1528;97;70;1361;1576;110.79;114.82;111.88;95.14;68.66;94.37;87.55;0.638;0.743;0.777;0.706;0.840;0.791;71;Santo Amaro;Sul 2;Santo Amaro
1,35503E+12;Ponte Transamérica;355030;São Paulo (SP);35;SP;63500;RM São Paulo (SP);2000;76.53;1.34;12.40;14.37;94.75;85.75;36.39;11.16;11.12;1.12;0.37;1.64;0.57;1.72;0.68;1.94;6.36;3.85;103.01;100.96;109.11;38.47;88.70;91.27;60.44;19.60;41.14;87.74;39.53;14.21;88.72;98.30;95.64;17.91;1.70;13.37;82.50;75.44;89.75;74.07;70.63;56.41;64.44;54.76;52.64;16.69;585.63;907.72;1303.02;2049.69;3220.95;0.43;0.27;0.72;0.81;1.34;3.03;6.32;32.84;5.24;49.33;14.89;29.34;50.67;83.74;8.82;6.63;1518.45;397.55;4986.09;732.86;1097.14;1619.12;3745.56;1518.45;58.56;91.27;166.15;0.32;0.04;19.31;2.58;0.11;58.37;0.59;17.44;18.88;5.20;69.77;51.75;7.10;15.67;83.62;65.25;21.03;1.39;5.73;27.47;38.27;63.77;2879.38;0.40;;4.04;42.34;78.77;69.23;89.20;;94.77;48.96;28.68;13.25;10.96;100.00;99.62;20.04;100.00;100.00;0.00;;8.13;58.86;1.70;7.11;0.85;19.76;0.81;20.69;0.27;;0.25;0.00;25.05;9.13;74.21;;244;333;442;512;434;359;391;395;412;287;264;262;224;159;150;95;50;5008;238;331;473;511;454;428;442;477;401;420;302;265;277;258;218;135;139;5766;;27;227;5931;108;537;378;430;279;9102;535;1937;547;8567;595;1402;645;7165;96;113;108;541;1612;1202;331;273;4933;3949;0;10774;10774;9766;664;535;8567;10420;109.40;130.21;114.63;98.30;71.17;96.93;84.21;0.741;0.758;0.817;0.752;0.859;0.843;71;Santo Amaro;Sul 2;Santo Amaro
1,35503E+12;Campo Belo;355030;São Paulo (SP);35;SP;63500;RM São Paulo (SP);2010;81.19;1.18;6.90;7.96;97.34;91.51;38.18;17.72;11.42;1.24;0.89;0.60;0.39;0.60;0.11;0.62;5.26;4.23;97.80;95.63;105.38;134.58;84.61;84.89;64.17;39.53;56.60;87.37;47.80;22.06;84.95;91.46;90.55;7.47;0.00;2.53;82.69;90.43;97.34;87.96;87.02;76.43;87.35;78.98;78.14;58.32;1050.00;2100.00;3300.00;5200.00;8500.00;0.53;0.33;0.82;0.60;0.82;0.98;1.36;41.32;3.38;57.02;11.02;23.36;42.98;68.79;15.00;10.35;4258.54;719.87;17595.59;1625.55;2628.93;4178.04;12140.31;4258.54;66.67;82.04;140.74;0.51;0.12;13.57;3.08;0.14;63.18;0.34;9.26;22.14;8.16;79.05;56.21;4.28;8.63;95.16;89.67;67.31;0.95;2.59;11.60;20.96;37.48;5055.51;0.40;;4.43;10.16;69.82;69.00;90.03;;48.74;44.83;13.85;3.72;2.96;99.95;95.68;5.34;100.00;100.00;0.00;0.96;8.62;43.40;8.54;4.53;0.00;8.69;0.00;9.59;0.00;0.00;0.48;0.00;0.00;2.99;100.00;0.00;160;161;178;318;424;412;292;303;290;291;268;154;207;149;133;136;152;4028;130;149;188;319;490;446;348;308;340;363;321;121;282;259;241;179;315;4799;;14;23;5332;57;242;166;184;184;7952;224;1003;213;7728;250;779;296;6949;49;55;63;288;754;1564;149;106;4399;3892;0;8827;8827;8262;310;224;7728;8724;109.14;101.23;106.62;97.88;67.51;94.65;90.48;0.880;0.836;0.927;0.850;0.937;1.000;15;Campo Belo;Sul 2;Santo Amaro
1,35503E+12;Vieira de Morais : Shopping Campo Belo;355030;São Paulo (SP);35;SP;63500;RM São Paulo (SP);2010;82.20;1.12;5.90;6.79;97.72;92.67;43.15;18.24;11.15;0.30;1.65;0.59;0.75;0.56;0.11;0.55;8.50;9.89;94.16;92.19;100.83;164.17;88.08;85.87;78.77;47.50;66.51;97.04;53.33;21.94;95.77;98.06;97.83;4.10;0.00;3.09;64.93;91.78;92.33;88.40;88.03;81.28;77.96;82.41;82.83;62.05;1800.00;3333.33;5580.00;8900.00;12333.33;0.61;0.22;;0.22;;0.46;;52.55;2.59;64.71;8.82;19.08;35.29;57.30;23.84;14.68;8440.69;1093.14;44358.29;2628.16;4331.22;6841.21;27309.71;8440.69;50.00;50.00;148.75;0.71;0.74;11.49;2.59;0.32;66.33;0.59;9.65;25.25;12.85;78.80;48.74;5.21;6.30;92.44;88.89;69.62;2.12;3.56;11.72;20.41;30.80;8071.03;0.58;;1.86;5.16;55.58;73.20;88.60;;0.00;47.45;1.33;3.23;5.67;99.98;99.94;2.63;100.00;100.00;0.00;0.77;6.94;33.49;1.94;6.42;0.00;6.89;0.00;8.46;0.00;0.00;0.22;0.00;0.00;3.14;100.00;0.00;244;201;215;282;402;446;386;347;363;355;364;209;339;240;227;140;184;4944;234;220;213;335;473;496;523;391;455;462;486;217;444;325;284;247;384;6189;;8;13;7002;114;335;252;269;255;9808;243;1045;254;9565;284;802;324;8763;109;85;83;427;1005;2031;220;113;5518;4970;0;11133;11133;10229;421;243;9565;11086;108.35;121.68;111.73;97.83;82.09;97.31;93.09;0.884;0.834;0.932;0.850;0.953;1.000;15;Campo Belo;Sul 2;Santo Amaro
1,35503E+12;Santo Amaro / Chácara Flora;355030;São Paulo (SP);35;SP;63500;RM São Paulo (SP);2010;81.50;1.17;6.60;7.60;97.46;91.87;44.68;14.93;11.93;0.45;0.38;0.78;0.57;0.80;0.45;0.82;4.89;4.79;92.94;98.64;77.30;129.66;90.23;92.70;65.20;51.29;67.09;94.67;61.38;19.02;100.00;98.09;97.17;8.61;0.77;1.11;92.59;85.11;95.99;91.44;90.95;87.75;79.87;83.88;84.32;64.53;1333.33;2575.00;4420.00;6750.00;10000.00;0.49;0.09;;0.55;0.43;2.29;1.62;36.39;3.19;52.95;11.11;25.30;47.05;80.04;13.11;9.53;4993.68;796.35;18172.85;1976.62;3543.17;5432.43;13219.85;4993.68;1.00;96.32;180.92;0.48;0.60;13.25;2.02;0.00;56.64;0.19;11.34;28.11;15.84;71.41;40.31;3.88;10.24;94.74;89.92;72.49;2.41;4.77;15.84;23.24;32.19;7107.38;0.57;;0.00;3.47;54.18;70.65;90.16;;;100.00;2.40;2.56;0.77;99.86;99.58;3.29;100.00;100.00;0.00;0.09;1.08;32.91;1.91;1.34;0.00;4.80;0.00;7.97;2.50;0.00;0.47;0.00;52.92;2.77;56.89;0.00;680;752;688;752;847;853;921;925;1034;865;721;664;608;494;405;276;327;11812;655;644;657;780;931;1057;1162;1075;1095;969;882;669;779;651;505;382;761;13654;;0;27;14562;250;1115;838;839;788;21402;790;2877;788;20612;832;2087;849;18525;297;278;297;1336;3241;3801;644;385;11686;10249;0;25466;25466;22798;1396;790;20612;25064;110.38;116.17;111.87;100.00;88.77;99.41;95.03;0.914;0.914;0.951;0.914;0.942;1.000;71;Santo Amaro;Sul 2;Santo Amaro
1,35503E+12;Granja Julieta / Chácara Santo Antônio;355030;São Paulo (SP);35;SP;63500;RM São Paulo (SP);2010;81.22;1.18;6.80;7.93;97.35;91.54;41.65;16.33;11.51;0.90;0.44;0.50;0.19;0.50;0.08;0.54;7.40;7.81;99.92;102.21;93.76;93.83;91.46;92.24;76.22;37.01;67.47;92.49;53.54;15.26;100.00;94.92;94.26;7.65;0.54;4.44;90.60;85.14;91.53;86.30;85.72;69.04;76.72;76.14;76.07;54.75;1150.00;1933.33;3050.00;5000.00;8011.00;0.56;0.15;;0.59;1.90;0.83;1.90;45.15;3.46;59.81;10.42;21.94;40.19;64.38;17.34;11.49;4302.23;743.54;19423.82;1496.91;2479.59;3925.12;12865.99;4302.23;50.00;97.73;142.78;0.56;0.39;10.47;2.93;0.23;60.90;0.22;10.43;28.56;5.15;72.10;51.84;3.31;9.83;92.15;86.56;62.19;1.89;4.26;19.59;31.99;46.10;4892.11;0.50;;2.61;9.86;71.77;70.08;90.21;;0.00;18.04;20.29;5.40;6.24;99.97;98.62;9.26;100.00;100.00;0.00;0.00;2.82;32.53;5.08;5.16;0.12;9.77;0.00;4.79;0.00;0.00;0.27;0.00;0.00;2.09;100.00;0.00;674;756;790;1000;1331;1347;1225;1069;1061;981;876;698;800;661;512;369;451;14601;702;652;773;1028;1330;1551;1370;1233;1217;1237;1164;679;1090;909;697;611;988;17231;;37;89;18762;298;1114;812;842;807;27671;899;3591;936;26772;1030;2692;1125;24080;271;273;307;1398;3411;5198;652;449;15198;13397;0;31832;31832;29079;1408;899;26772;31615;109.15;124.80;114.02;97.09;86.31;96.86;91.51;0.863;0.862;0.931;0.862;0.937;1.000;71;Santo Amaro;Sul 2;Santo Amaro
1,35503E+12;Morro do Piolho;355030;São Paulo (SP);35;SP;63500;RM São Paulo (SP);2010;73.22;1.67;17.60;20.40;93.38;80.60;83.03;1.78;8.79;0.00;0.00;3.50;0.00;3.75;0.00;4.61;17.68;14.45;97.64;108.67;59.31;15.22;79.20;84.43;30.94;5.45;61.90;77.31;36.30;27.38;85.47;89.90;87.08;21.76;7.35;3.85;78.81;51.95;56.04;39.57;34.96;22.95;22.70;14.08;11.66;4.74;140.00;240.00;375.00;653.33;1332.50;0.58;4.27;4.89;20.04;27.13;43.76;57.06;47.88;3.30;63.49;9.73;20.04;36.51;73.45;19.68;13.05;583.21;96.25;2792.41;187.52;300.56;480.40;1851.31;595.98;26.35;96.31;150.73;0.57;0.43;15.57;12.43;0.00;50.47;2.01;10.72;19.04;1.59;60.66;56.41;1.01;21.60;39.13;16.33;5.37;2.60;18.85;82.04;92.32;96.18;867.20;0.23;;7.51;27.24;49.41;54.04;58.44;;56.56;49.39;29.48;17.39;26.51;92.90;87.97;67.65;93.22;100.00;5.06;14.50;45.75;38.10;10.10;40.33;20.08;45.25;5.97;66.82;17.14;9.67;1.02;0.00;44.05;43.66;39.74;39.72;39;22;14;13;28;17;24;9;8;4;4;37;4;3;1;2;0;229;50;24;17;25;32;27;15;11;11;7;3;49;4;3;0;0;0;278;;3;5;144;18;32;26;20;54;286;19;69;16;267;18;50;20;217;17;20;21;80;131;9;24;10;155;113;0;507;507;332;46;19;267;507;113.58;98.69;110.22;93.56;44.84;89.47;88.04;0.396;0.598;0.661;0.521;0.804;0.689;15;Campo Belo;Sul 2;Santo Amaro
1,35503E+12;Buraco Frio;355030;São Paulo (SP);35;SP;63500;RM São Paulo (SP);2010;70.24;2.07;23.20;26.88;91.40;75.80;55.33;2.95;8.91;3.90;1.71;8.28;1.06;8.85;3.78;10.93;20.57;15.33;107.78;118.21;73.68;12.87;82.30;84.46;37.47;5.86;49.11;84.88;30.27;26.62;88.34;92.02;90.35;31.18;4.74;4.55;78.28;48.29;59.79;42.48;37.77;25.44;29.34;20.26;17.79;2.06;176.67;263.64;375.00;541.67;800.00;0.45;2.85;5.08;11.59;17.19;39.82;51.35;36.04;5.22;50.74;15.08;28.88;49.26;87.89;9.56;6.73;451.82;117.92;1628.48;222.79;311.83;460.28;1146.29;455.22;29.90;87.64;169.61;0.35;0.14;15.83;12.54;0.00;53.85;0.57;10.31;16.90;0.33;62.63;59.52;0.37;21.92;48.20;24.74;3.10;1.32;18.34;85.94;94.92;98.31;789.59;0.16;;8.81;23.55;64.64;66.97;77.35;;17.06;33.50;15.22;10.62;12.89;100.00;92.75;58.16;98.50;100.00;1.98;8.08;35.59;50.89;7.98;30.79;14.20;40.07;3.28;59.71;15.43;6.48;2.06;0.00;36.59;39.53;59.30;41.61;91;134;96;100;90;108;79;63;46;43;21;116;17;8;5;6;2;1025;96;156;96;108;95;103;104;79;55;44;24;116;26;20;11;6;6;1145;;26;28;900;36;231;177;169;94;1461;117;400;106;1344;127;283;132;1061;57;47;51;244;592;64;156;57;777;573;0;2170;2170;1751;290;117;1344;2163;114.94;78.70;107.22;92.62;34.67;86.95;87.32;0.425;0.601;0.639;0.535;0.754;0.648;15;Campo Belo;Sul 2;Santo Amaro
1,35503E+12;Santa Catarina II;355030;São Paulo (SP);35;SP;63500;RM São Paulo (SP);2010;73.22;1.67;17.60;20.40;93.38;80.60;64.15;2.53;8.79;1.67;2.63;3.41;0.63;3.51;0.93;4.48;17.68;14.45;97.64;108.67;59.31;15.22;79.20;84.43;30.94;5.45;61.90;77.31;36.30;27.38;85.47;89.90;87.08;21.76;7.35;3.85;78.81;51.95;56.04;39.57;34.96;22.95;22.70;14.08;11.66;4.74;140.00;240.00;375.00;653.33;1332.50;0.58;4.27;4.89;20.04;27.13;43.76;57.06;47.88;3.30;63.49;9.73;20.04;36.51;73.45;19.68;13.05;583.21;96.25;2792.41;187.52;300.56;480.40;1851.31;595.98;26.35;96.31;150.73;0.57;0.43;15.57;12.43;0.00;50.47;2.01;10.72;19.04;1.59;60.66;56.41;1.01;21.60;39.13;16.33;5.37;2.60;18.85;82.04;92.32;96.18;867.20;0.23;;7.51;27.24;49.41;54.04;58.44;;56.56;49.39;29.48;17.39;26.51;100.00;87.97;67.65;93.22;100.00;5.06;14.50;45.75;38.10;10.10;40.33;20.08;45.25;5.97;66.82;17.14;9.67;1.02;0.00;44.05;43.66;39.74;39.72;65;82;69;61;53;46;38;23;18;14;5;58;10;5;6;3;1;557;68;74;52;52;55;45;37;33;27;13;12;58;12;7;3;3;0;551;;12;21;339;26;120;84;90;74;703;76;234;79;627;63;158;61;469;33;14;22;138;334;28;74;36;351;247;0;1108;1108;859;156;76;627;1108;122.08;67.00;109.07;91.50;25.61;87.46;84.35;0.396;0.598;0.661;0.521;0.804;0.689;15;Campo Belo;Sul 2;Santo Amaro
1,35503E+12;Jurandir;355030;São Paulo (SP);35;SP;63500;RM São Paulo (SP);2010;79.66;1.29;8.50;9.89;96.71;89.65;46.41;9.38;10.45;0.00;0.00;2.59;0.00;2.71;2.33;3.23;6.23;6.31;102.05;103.68;97.50;77.33;88.79;91.90;70.38;34.70;53.06;87.66;44.36;16.44;100.00;97.34;94.79;5.94;2.23;3.92;89.44;83.28;85.98;72.36;70.29;59.11;71.44;55.31;52.84;21.80;490.00;800.00;1166.67;1900.00;2625.00;0.44;0.30;0.66;1.76;4.11;8.77;14.85;32.05;4.49;48.84;14.18;28.83;51.16;81.35;9.04;6.89;1312.81;294.78;4208.02;635.80;962.09;1465.19;3206.21;1312.81;33.07;102.88;183.81;0.35;0.23;17.99;4.37;0.00;56.98;0.77;12.28;21.23;2.68;69.92;57.43;2.36;15.25;80.51;64.71;26.68;1.55;7.33;40.62;59.38;77.58;1948.64;0.34;;6.78;19.48;78.58;68.11;81.47;;54.37;41.83;12.19;6.99;8.28;100.00;96.80;22.81;100.00;100.00;0.00;0.92;10.63;46.94;2.66;10.22;1.42;20.42;1.60;22.51;2.52;0.74;2.31;0.00;25.11;6.92;100.00;22.06;17;15;16;16;17;14;13;18;18;13;9;17;5;5;8;3;1;205;20;14;13;24;26;22;15;18;21;7;11;17;10;11;6;4;4;243;;2;3;226;5;24;21;16;18;348;16;69;15;332;15;53;16;279;14;5;4;34;74;42;14;10;192;155;0;448;448;377;29;16;332;448;110.79;114.82;111.88;95.14;68.66;94.37;87.55;0.724;0.830;0.840;0.793;0.911;0.820;15;Campo Belo;Sul 2;Santo Amaro
1,35503E+12;Jardim Aeroporto : Escola Municipal de Ensino Fundamental Bernardo O' Higgins;355030;São Paulo (SP);35;SP;63500;RM São Paulo (SP);2010;81.19;1.18;6.90;7.96;97.34;91.51;41.30;16.64;11.42;0.00;0.87;0.71;0.13;0.71;0.45;0.77;5.26;4.23;97.80;95.63;105.38;134.58;84.61;84.89;64.17;39.53;56.60;87.37;47.80;22.06;84.95;91.46;90.55;7.47;0.00;2.53;82.69;90.43;97.34;87.96;87.02;76.43;87.35;78.98;78.14;58.32;1050.00;2100.00;3300.00;5200.00;8500.00;0.53;0.33;0.82;0.60;0.82;0.98;1.36;41.32;3.38;57.02;11.02;23.36;42.98;68.79;15.00;10.35;4258.54;719.87;17595.59;1625.55;2628.93;4178.04;12140.31;4258.54;66.67;82.04;140.74;0.51;0.12;13.57;3.08;0.14;63.18;0.34;9.26;22.14;8.16;79.05;56.21;4.28;8.63;95.16;89.67;67.31;0.95;2.59;11.60;20.96;37.48;5055.51;0.40;;4.43;10.16;69.82;69.00;90.03;;48.74;44.83;13.85;3.72;2.96;100.00;95.68;5.34;100.00;100.00;0.00;0.96;8.62;43.40;8.54;4.53;0.00;8.69;0.00;9.59;0.00;0.00;0.48;0.00;0.00;2.99;100.00;0.00;168;164;212;268;318;357;344;295;315;278;244;190;187;148;199;105;122;3914;165;217;213;283;352;409;402;369;379;341;295;185;263;262;204;163;237;4739;;17;23;5060;85;300;221;235;200;7564;231;976;249;7333;294;745;314;6588;48;75;59;381;912;1440;217;111;4172;3676;0;8653;8653;7945;381;231;7333;8610;109.12;122.98;112.87;98.71;81.70;97.71;92.24;0.880;0.836;0.927;0.850;0.937;1.000;15;Campo Belo;Sul 2;Santo Amaro
1,35503E+12;Jardim Aeroporto / Congonhas;355030;São Paulo (SP);35;SP;63500;RM São Paulo (SP);2010;80.60;1.21;7.50;8.68;97.10;90.80;40.23;15.72;11.40;0.80;0.85;0.91;0.54;0.91;0.31;0.96;9.31;8.47;115.05;124.21;85.78;159.98;83.20;86.77;51.80;37.33;67.19;94.62;64.51;45.12;83.75;92.52;93.02;9.60;6.26;3.95;78.16;80.04;89.66;82.13;81.09;45.47;70.82;70.49;70.44;43.25;740.00;1336.67;2166.67;3866.67;5750.00;0.54;;;2.16;6.04;3.74;7.10;40.97;3.06;57.58;10.31;22.49;42.42;80.50;15.90;11.17;2801.54;428.70;11477.77;1014.92;1707.00;2790.92;8066.19;2801.54;;117.42;152.06;0.55;0.38;14.33;3.17;0.33;64.75;0.31;5.88;22.82;3.85;76.05;58.33;2.91;10.96;88.49;77.01;46.40;1.96;5.57;26.94;41.21;57.28;3869.65;0.56;;15.97;25.22;65.27;65.75;88.46;;34.72;60.44;13.71;4.65;5.57;100.00;97.90;12.09;100.00;100.00;0.24;0.00;11.34;32.81;7.48;8.69;0.64;13.62;0.00;24.31;1.66;0.00;0.94;0.00;22.31;10.23;74.54;0.00;285;315;316;485;587;646;487;465;432;366;355;269;283;277;265;162;144;6139;278;292;315;536;714;635;569;454;480;478;512;298;435;405;326;228;298;7253;;97;89;7431;108;500;360;386;338;11655;353;1652;358;11302;453;1299;520;10003;117;127;109;547;1400;2105;292;166;6385;5534;0;13392;13392;12262;607;353;11302;13363;111.93;143.18;120.25;94.53;69.60;93.32;77.93;0.821;0.719;0.869;0.752;0.927;0.941;15;Campo Belo;Sul 2;Santo Amaro
1,35503E+12;Joaquim Nabuco;355030;São Paulo (SP);35;SP;63500;RM São Paulo (SP);2010;80.60;1.21;7.50;8.68;97.10;90.80;44.85;14.27;11.40;1.12;0.47;1.99;2.03;2.06;1.32;2.06;9.31;8.47;115.05;124.21;85.78;159.98;83.20;86.77;51.80;37.33;67.19;94.62;64.51;45.12;83.75;92.52;93.02;9.60;6.26;3.95;78.16;80.04;89.66;82.13;81.09;45.47;70.82;70.49;70.44;43.25;740.00;1336.67;2166.67;3866.67;5750.00;0.54;;;2.16;6.04;3.74;7.10;40.97;3.06;57.58;10.31;22.49;42.42;80.50;15.90;11.17;2801.54;428.70;11477.77;1014.92;1707.00;2790.92;8066.19;2801.54;;117.42;152.06;0.55;0.38;14.33;3.17;0.33;64.75;0.31;5.88;22.82;3.85;76.05;58.33;2.91;10.96;88.49;77.01;46.40;1.96;5.57;26.94;41.21;57.28;3869.65;0.56;;15.97;25.22;65.27;65.75;88.46;;34.72;60.44;13.71;4.65;5.57;99.91;97.90;12.09;100.00;100.00;0.24;0.00;11.34;32.81;7.48;8.69;0.64;13.62;0.00;24.31;1.66;0.00;0.94;0.00;22.31;10.23;74.54;0.00;162;162;191;228;229;203;196;205;209;198;148;134;114;101;91;58;86;2715;165;161;160;227;225;254;225;220;219;232;166;184;153;139;117;88;147;3082;;52;54;3034;65;268;200;196;186;4829;214;806;209;4615;212;592;253;4023;76;61;57;312;794;827;161;96;2572;2185;0;5797;5797;5152;323;214;4615;5756;111.93;143.18;120.25;94.53;69.60;93.32;77.93;0.821;0.719;0.869;0.752;0.927;0.941;15;Campo Belo;Sul 2;Santo Amaro
1,35503E+12;Campo Belo : Hospital Dente de Leite;355030;São Paulo (SP);35;SP;63500;RM São Paulo (SP);2010;82.20;1.12;5.90;6.79;97.72;92.67;40.36;17.84;11.15;1.63;0.00;0.64;0.28;0.65;0.00;0.70;8.50;9.89;94.16;92.19;100.83;164.17;88.08;85.87;78.77;47.50;66.51;97.04;53.33;21.94;95.77;98.06;97.83;4.10;0.00;3.09;64.93;91.78;92.33;88.40;88.03;81.28;77.96;82.41;82.83;62.05;1800.00;3333.33;5580.00;8900.00;12333.33;0.61;0.22;;0.22;;0.46;;52.55;2.59;64.71;8.82;19.08;35.29;57.30;23.84;14.68;8440.69;1093.14;44358.29;2628.16;4331.22;6841.21;27309.71;8440.69;50.00;50.00;148.75;0.71;0.74;11.49;2.59;0.32;66.33;0.59;9.65;25.25;12.85;78.80;48.74;5.21;6.30;92.44;88.89;69.62;2.12;3.56;11.72;20.41;30.80;8071.03;0.58;;1.86;5.16;55.58;73.20;88.60;;0.00;47.45;1.33;3.23;5.67;100.00;99.94;2.63;100.00;100.00;0.00;0.77;6.94;33.49;1.94;6.42;0.00;6.89;0.00;8.46;0.00;0.00;0.22;0.00;0.00;3.14;100.00;0.00;85;71;85;142;195;177;154;129;129;136;134;65;101;89;58;53;79;1882;75;73;71;143;179;184;169;138;156;176;161;72;120;114;81;86;161;2159;;3;4;2574;41;123;83;97;88;3600;84;441;94;3516;122;357;144;3159;31;19;35;139;346;721;73;38;1939;1725;0;4041;4041;3744;144;84;3516;3958;109.61;111.01;110.03;99.27;82.28;99.00;97.65;0.884;0.834;0.932;0.850;0.953;1.000;15;Campo Belo;Sul 2;Santo Amaro
1,35503E+12;Vieira de Morais : União das Instituições Eduçacionais do Estado de São Paulo Unidade Brooklin ( Uniesp );355030;São Paulo (SP);35;SP;63500;RM São Paulo (SP);2010;82.20;1.12;5.90;6.79;97.72;92.67;37.91;12.29;11.15;0.30;0.76;0.27;0.24;0.25;0.00;0.25;8.50;9.89;94.16;92.19;100.83;164.17;88.08;85.87;78.77;47.50;66.51;97.04;53.33;21.94;95.77;98.06;97.83;4.10;0.00;3.09;64.93;91.78;92.33;88.40;88.03;81.28;77.96;82.41;82.83;62.05;1800.00;3333.33;5580.00;8900.00;12333.33;0.61;0.22;;0.22;;0.46;;52.55;2.59;64.71;8.82;19.08;35.29;57.30;23.84;14.68;8440.69;1093.14;44358.29;2628.16;4331.22;6841.21;27309.71;8440.69;50.00;50.00;148.75;0.71;0.74;11.49;2.59;0.32;66.33;0.59;9.65;25.25;12.85;78.80;48.74;5.21;6.30;92.44;88.89;69.62;2.12;3.56;11.72;20.41;30.80;8071.03;0.58;;1.86;5.16;55.58;73.20;88.60;;0.00;47.45;1.33;3.23;5.67;100.00;99.94;2.63;100.00;100.00;0.00;0.77;6.94;33.49;1.94;6.42;0.00;6.89;0.00;8.46;0.00;0.00;0.22;0.00;0.00;3.14;100.00;0.00;289;207;206;272;297;360;431;382;343;320;311;230;236;194;111;83;89;4361;276;216;249;356;386;480;514;423;427;384;367;253;272;188;162;142;220;5315;;8;14;5814;111;332;266;250;324;8205;262;1083;289;7943;310;821;323;7122;130;86;102;488;1082;1189;216;138;4570;3965;0;9676;9676;8628;423;262;7943;9626;108.35;121.68;111.73;97.83;82.09;97.31;93.09;0.884;0.834;0.932;0.850;0.953;1.000;15;Campo Belo;Sul 2;Santo Amaro
1,35503E+12;Santo Amaro : Paróquia Nossa Senhora do Pérpetuo Socorro;355030;São Paulo (SP);35;SP;63500;RM São Paulo (SP);2010;79.66;1.29;8.50;9.89;96.71;89.65;37.60;6.48;10.45;0.00;0.00;3.07;0.00;3.31;0.00;3.86;6.23;6.31;102.05;103.68;97.50;77.33;88.79;91.90;70.38;34.70;53.06;87.66;44.36;16.44;100.00;97.34;94.79;5.94;2.23;3.92;89.44;83.28;85.98;72.36;70.29;59.11;71.44;55.31;52.84;21.80;490.00;800.00;1166.67;1900.00;2625.00;0.44;0.30;0.66;1.76;4.11;8.77;14.85;32.05;4.49;48.84;14.18;28.83;51.16;81.35;9.04;6.89;1312.81;294.78;4208.02;635.80;962.09;1465.19;3206.21;1312.81;33.07;102.88;183.81;0.35;0.23;17.99;4.37;0.00;56.98;0.77;12.28;21.23;2.68;69.92;57.43;2.36;15.25;80.51;64.71;26.68;1.55;7.33;40.62;59.38;77.58;1948.64;0.34;;6.78;19.48;78.58;68.11;81.47;;54.37;41.83;12.19;6.99;8.28;100.00;96.80;22.81;100.00;100.00;0.00;0.92;10.63;46.94;2.66;10.22;1.42;20.42;1.60;22.51;2.52;0.74;2.31;0.00;25.11;6.92;100.00;22.06;8;21;24;22;20;16;24;19;19;13;6;13;7;2;4;1;1;220;19;25;14;20;21;26;30;26;10;13;22;17;7;8;8;1;7;274;;3;5;247;5;38;29;31;19;391;28;80;21;363;16;52;21;311;3;7;9;31;97;32;25;13;213;179;0;494;494;437;46;28;363;490;121.26;105.24;115.43;97.78;66.11;95.40;92.80;0.724;0.830;0.840;0.793;0.911;0.820;71;Santo Amaro;Sul 2;Santo Amaro
1,35503E+12;Santo Amaro : Biblioteca Municipal Belmente;355030;São Paulo (SP);35;SP;63500;RM São Paulo (SP);2010;79.66;1.29;8.50;9.89;96.71;89.65;39.72;14.86;10.45;0.00;1.54;1.61;0.41;1.61;0.54;1.80;6.23;6.31;102.05;103.68;97.50;77.33;88.79;91.90;70.38;34.70;53.06;87.66;44.36;16.44;100.00;97.34;94.79;5.94;2.23;3.92;89.44;83.28;85.98;72.36;70.29;59.11;71.44;55.31;52.84;21.80;490.00;800.00;1166.67;1900.00;2625.00;0.44;0.30;0.66;1.76;4.11;8.77;14.85;32.05;4.49;48.84;14.18;28.83;51.16;81.35;9.04;6.89;1312.81;294.78;4208.02;635.80;962.09;1465.19;3206.21;1312.81;33.07;102.88;183.81;0.35;0.23;17.99;4.37;0.00;56.98;0.77;12.28;21.23;2.68;69.92;57.43;2.36;15.25;80.51;64.71;26.68;1.55;7.33;40.62;59.38;77.58;1948.64;0.34;;6.78;19.48;78.58;68.11;81.47;;54.37;41.83;12.19;6.99;8.28;100.00;96.80;22.81;100.00;100.00;0.00;0.92;10.63;46.94;2.66;10.22;1.42;20.42;1.60;22.51;2.52;0.74;2.31;0.00;25.11;6.92;100.00;22.06;37;64;59;91;101;85;79;69;73;70;67;48;31;26;26;18;31;975;45;45;61;96;84;83;86;74;80;73;75;44;56;54;48;40;67;1111;;7;13;1184;18;87;61;68;53;1803;65;307;72;1738;90;242;93;1496;11;20;22;94;246;310;45;31;977;820;0;2086;2086;1912;109;65;1738;2055;110.79;114.82;111.88;95.14;68.66;94.37;87.55;0.724;0.830;0.840;0.793;0.911;0.820;71;Santo Amaro;Sul 2;Santo Amaro
1,35503E+12;Ponte Transamérica;355030;São Paulo (SP);35;SP;63500;RM São Paulo (SP);2010;80.15;1.25;8.00;9.25;96.92;90.26;37.73;13.42;11.56;0.80;0.53;1.46;0.60;1.50;1.02;1.62;5.46;4.25;124.13;117.62;140.23;93.43;91.39;90.94;81.44;42.28;62.81;91.10;52.20;24.44;88.39;96.64;95.05;8.19;1.04;5.76;91.54;90.34;94.19;81.25;79.22;64.88;79.64;67.55;65.66;33.06;710.00;1160.00;1836.67;2800.00;4000.00;0.47;0.33;1.22;2.09;6.79;3.56;11.05;35.71;4.36;51.24;13.26;27.27;48.76;81.62;10.78;7.73;2078.19;453.16;7421.33;924.19;1456.33;2233.36;5323.90;2078.19;38.41;112.71;156.42;0.40;0.00;13.44;2.35;0.34;65.27;0.90;11.00;21.02;5.19;74.34;54.85;4.79;13.35;90.78;78.96;39.33;0.92;4.85;29.66;44.86;63.76;2891.75;0.45;;0.00;22.21;82.28;72.74;89.54;;;22.59;13.18;4.99;2.64;100.00;99.63;11.11;100.00;100.00;0.00;0.00;4.92;37.19;3.36;5.70;0.17;15.32;0.00;20.59;0.00;0.22;0.17;0.00;0.00;7.44;45.11;16.24;243;307;346;453;551;503;427;372;394;376;371;267;244;208;150;116;115;5443;240;323;314;439;530;528;439;440;463;490;420;252;382;264;259;193;263;6239;;0;84;7036;100;498;363;391;272;10050;377;1552;404;9673;430;1175;430;8498;111;93;96;558;1433;1568;323;189;5424;4671;0;11682;11682;10680;630;377;9673;11598;109.40;130.21;114.63;98.30;71.17;96.93;84.21;0.813;0.838;0.880;0.830;0.919;0.893;71;Santo Amaro;Sul 2;Santo Amaro
